{
  "main": {
    "id": "4bcb9dc8f253acb2",
    "type": "split",
    "children": [
      {
        "id": "c5de0d3dfeab9612",
        "type": "tabs",
        "children": [
          {
            "id": "d054c2615e1c87b6",
            "type": "leaf",
            "state": {
              "type": "markdown",
              "state": {
                "file": "计算机基础/面向对象技术/面向对象基础.md",
                "mode": "source",
                "source": false
              }
            }
          }
        ]
      }
    ],
    "direction": "vertical"
  },
  "left": {
    "id": "a4bf0652ef2702fa",
    "type": "split",
    "children": [
      {
        "id": "2cff3f67df829925",
        "type": "tabs",
        "children": [
          {
            "id": "398eb5a350d7b420",
            "type": "leaf",
            "state": {
              "type": "file-explorer",
              "state": {
                "sortOrder": "alphabetical"
              }
            }
          },
          {
            "id": "dd95503f78ec87a4",
            "type": "leaf",
            "state": {
              "type": "search",
              "state": {
                "query": "",
                "matchingCase": false,
                "explainSearch": false,
                "collapseAll": false,
                "extraContext": false,
                "sortOrder": "alphabetical"
              }
            }
          },
          {
            "id": "d0035ec9e28d760f",
            "type": "leaf",
            "state": {
              "type": "bookmarks",
              "state": {}
            }
          },
          {
            "id": "dbcb95514eb0662a",
            "type": "leaf",
            "state": {
              "type": "recent-files",
              "state": {}
            }
          }
        ]
      }
    ],
    "direction": "horizontal",
    "width": 313.5110321044922
  },
  "right": {
    "id": "30784d06b09dabce",
    "type": "split",
    "children": [
      {
        "id": "b19a1d6e0719df3b",
        "type": "tabs",
        "children": [
          {
            "id": "81c77d5dadd0001d",
            "type": "leaf",
            "state": {
              "type": "backlink",
              "state": {
                "file": "计算机基础/面向对象技术/面向对象基础.md",
                "collapseAll": false,
                "extraContext": false,
                "sortOrder": "alphabetical",
                "showSearch": false,
                "searchQuery": "",
                "backlinkCollapsed": false,
                "unlinkedCollapsed": true
              }
            }
          },
          {
            "id": "b11680f00493c671",
            "type": "leaf",
            "state": {
              "type": "outgoing-link",
              "state": {
                "file": "计算机基础/面向对象技术/面向对象基础.md",
                "linksCollapsed": false,
                "unlinkedCollapsed": false
              }
            }
          },
          {
            "id": "a4f72819a59f398a",
            "type": "leaf",
            "state": {
              "type": "tag",
              "state": {
                "sortOrder": "frequency",
                "useHierarchy": true
              }
            }
          },
          {
            "id": "58313a55e496ab81",
            "type": "leaf",
            "state": {
              "type": "outline",
              "state": {
                "file": "计算机基础/面向对象技术/面向对象基础.md"
              }
            }
          }
        ],
        "currentTab": 3
      }
    ],
    "direction": "horizontal",
    "width": 322.5
  },
  "left-ribbon": {
    "hiddenItems": {
      "table-editor-obsidian:Advanced Tables Toolbar": false,
      "remotely-save:Remotely Save": false,
      "switcher:打开快速切换": false,
      "graph:查看关系图谱": false,
      "canvas:新建白板": false,
      "command-palette:打开命令面板": false,
      "audio-recorder:开始/结束录音": false,
      "workspaces:管理工作区布局": false,
      "obsidian-excalidraw-plugin:新建 Excalidraw 绘图": false,
      "oz-clear-unused-images:Clear Unused Images": false
    }
  },
  "active": "d054c2615e1c87b6",
  "lastOpenFiles": [
    "计算机基础/面向对象技术/UML.md",
    "计算机基础/面向对象技术/面向对象基础.md",
    "计算机基础/操作系统/第 2 章 进程管理.md",
    "计算机基础/数据库技术基础/关系代数.md",
    "计算机基础/数据库技术基础/数据模型.md",
    "计算机基础/数据库技术基础/概述.md",
    "计算机基础/操作系统/第 1 章 概述.md",
    "计算机基础/信息安全/概述.md",
    "计算机基础/计算机组成原理/指令控制方式.md",
    "计算机基础/软件工程概论/软件项目管理.md",
    "计算机基础/软件工程概论/系统测试.md",
    "计算机基础/软件工程概论/软件过程模型.md",
    "计算机基础/软件工程概论/软件工程概述.md",
    "计算机基础/计算机网络/物理层.md",
    "计算机基础/数据结构与算法/线性结构/约瑟夫环.md",
    "计算机基础/数据结构与算法/非线性结构/图/图的基础.md",
    "计算机基础/数据结构与算法/线性结构/稀疏数组.md",
    "计算机基础/数据结构与算法/线性结构/数组.md",
    "计算机基础/数据结构与算法/线性结构/队列.md",
    "计算机基础/数据结构与算法/线性结构/attachment/循环队列-当队列满但是指针相同.excalidraw.md",
    "计算机基础/计算机网络/数据链路层.md",
    "计算机基础/数据结构与算法/线性结构/链表.md",
    "计算机基础/数据结构与算法/线性结构/attachment/静态队列的问题.md",
    "计算机基础/数据结构与算法/线性结构/attachment/队列.png",
    "计算机基础/数据结构与算法/线性结构/attachment/丢手帕.png",
    "计算机基础/程序设计语言基础知识/概述.md",
    "计算机基础/计算机组成原理/计算机系统概论.md",
    "计算机基础/信息安全",
    "计算机基础/计算机组成原理/attachment/存储体的基本结构.md",
    "计算机基础/计算机组成原理/attachment/Pasted image 20231005192757.png",
    "计算机基础/计算机组成原理/attachment/Pasted image 20231005005800.png",
    "计算机基础/计算机组成原理/attachment/Pasted image 20231005004208.png",
    "计算机基础/计算机组成原理/attachment/Pasted image 20231005001655.png",
    "计算机基础/计算机组成原理/attachment/Pasted image 20231004235934.png",
    "计算机基础/计算机组成原理/attachment/Pasted image 20231004232132.png",
    "计算机基础/计算机组成原理/attachment/Pasted image 20231004231815.png",
    "计算机基础/计算机组成原理/attachment/Pasted image 20231004231717.png",
    "数学/高中数学",
    "数学/初中数学/attachment",
    "数学/初中数学",
    "数学",
    "Linux/attachment",
    "Linux",
    "开发工具/Git/attachment/未命名.canvas",
    "ignore",
    "新建 文本文档.txt",
    "新建文件夹"
  ]
}